City_ID,City,Country,Date,Lat,Lng,Max Temp,Humidity,Cloudiness,Wind Speed
0,Ancud,CL,2022-02-02 05:34:25,-41.8697,-73.8203,58.23,93,100,3.67
1,Kapaa,US,2022-02-02 05:34:25,22.0752,-159.319,75.18,75,0,10.36
2,Bengkulu,ID,2022-02-02 05:34:26,-3.8004,102.2655,79.03,71,100,3.4
3,Albany,US,2022-02-02 05:33:02,42.6001,-73.9662,30.78,73,100,1.01
4,Ribeira Grande,PT,2022-02-02 05:34:27,38.5167,-28.7,59.38,75,28,11.68
5,Ponta Do Sol,PT,2022-02-02 05:34:27,32.6667,-17.1,66.7,55,100,10.04
6,Lebu,CL,2022-02-02 05:34:28,-37.6167,-73.65,57.0,94,13,7.56
7,Mahebourg,MU,2022-02-02 05:32:45,-20.4081,57.7,82.69,83,75,27.63
8,Bredasdorp,ZA,2022-02-02 05:34:14,-34.5322,20.0403,67.32,88,13,6.91
9,Naze,JP,2022-02-02 05:34:28,28.3667,129.4833,54.52,75,100,12.55
10,Port Alfred,ZA,2022-02-02 05:34:29,-33.5906,26.891,82.72,64,97,7.78
11,Pevek,RU,2022-02-02 05:34:29,69.7008,170.3133,-6.36,76,100,2.98
12,Busselton,AU,2022-02-02 05:34:30,-33.65,115.3333,86.04,30,25,7.67
13,Mayo,US,2022-02-02 05:34:30,38.8876,-76.5119,34.09,90,0,0.0
14,Mittagong,AU,2022-02-02 05:34:30,-34.45,150.45,61.2,96,100,3.83
15,Ambon,ID,2022-02-02 05:34:31,-3.6954,128.1814,93.34,55,40,6.91
16,Torbay,CA,2022-02-02 05:30:10,47.6666,-52.7314,18.57,78,40,10.36
17,Faanui,PF,2022-02-02 05:34:31,-16.4833,-151.75,81.19,76,9,19.86
18,Fetesti,RO,2022-02-02 05:34:32,44.3833,27.8333,37.54,91,100,7.99
19,Barrow,US,2022-02-02 05:34:32,71.2906,-156.7887,-16.58,69,0,8.05
20,Hambantota,LK,2022-02-02 05:34:33,6.1241,81.1185,84.54,65,20,11.5
21,Liwale,TZ,2022-02-02 05:34:33,-9.7667,37.9333,74.7,88,70,2.08
22,Rikitea,PF,2022-02-02 05:34:34,-23.1203,-134.9692,78.3,68,95,5.1
23,Saint-Philippe,RE,2022-02-02 05:34:34,-21.3585,55.7679,83.75,95,100,24.7
24,Mataura,NZ,2022-02-02 05:34:34,-46.1927,168.8643,71.47,63,96,6.69
25,Bongandanga,CD,2022-02-02 05:34:35,1.5,21.05,75.83,42,100,1.23
26,Longyearbyen,SJ,2022-02-02 05:34:36,78.2186,15.6401,19.24,79,40,9.22
27,Nouadhibou,MR,2022-02-02 05:34:36,20.931,-17.0347,70.23,49,98,12.71
28,Bambous Virieux,MU,2022-02-02 05:34:36,-20.3428,57.7575,82.65,83,75,27.63
29,Lompoc,US,2022-02-02 05:32:45,34.6391,-120.4579,55.71,56,0,11.5
30,Tinyahuarco,PE,2022-02-02 05:34:37,-10.75,-76.3,39.92,90,100,1.28
31,Montepuez,MZ,2022-02-02 05:34:37,-13.1256,38.9997,76.32,83,18,0.22
32,Constitucion,CL,2022-02-02 05:34:38,-35.3333,-72.4167,55.63,92,11,4.54
33,Ushuaia,AR,2022-02-02 05:34:38,-54.8,-68.3,40.66,87,40,29.93
34,Wajir,KE,2022-02-02 05:34:39,1.7471,40.0573,80.4,64,100,13.13
35,Aitape,PG,2022-02-02 05:34:39,-3.1374,142.3475,78.19,86,100,1.7
36,Geraldton,AU,2022-02-02 05:34:40,-28.7667,114.6,106.21,12,1,17.27
37,Sigli,ID,2022-02-02 05:34:40,5.3848,95.9609,82.51,70,31,5.21
38,San Jeronimo,PE,2022-02-02 05:34:41,-11.9472,-75.2829,49.62,88,100,2.33
39,Hermanus,ZA,2022-02-02 05:34:41,-34.4187,19.2345,68.9,81,3,10.27
40,Kristiansund,NO,2022-02-02 05:34:41,63.1115,7.732,33.85,93,100,2.3
41,Nanortalik,GL,2022-02-02 05:34:42,60.1432,-45.2371,4.42,69,22,17.13
42,Chumikan,RU,2022-02-02 05:34:42,54.7183,135.315,3.27,73,17,13.27
43,Ilulissat,GL,2022-02-02 05:34:43,69.2167,-51.1,5.02,51,100,14.97
44,Yellowknife,CA,2022-02-02 05:35:43,62.456,-114.3525,-31.45,75,0,0.0
45,Pisco,PE,2022-02-02 05:35:43,-13.7,-76.2167,68.05,83,0,9.22
46,Maragogi,BR,2022-02-02 05:35:44,-9.0122,-35.2225,76.75,82,7,4.18
47,Yining,CN,2022-02-02 05:35:44,29.0361,114.5636,37.33,97,100,2.06
48,Thompson,CA,2022-02-02 05:31:21,55.7435,-97.8558,-23.64,62,0,8.05
49,Georgetown,MY,2022-02-02 05:35:45,5.4112,100.3354,89.55,73,20,1.01
50,Cidreira,BR,2022-02-02 05:35:45,-30.1811,-50.2056,72.66,81,0,14.27
51,Saldanha,ZA,2022-02-02 05:34:00,-33.0117,17.9442,64.45,92,89,13.06
52,Praia Da Vitoria,PT,2022-02-02 05:35:46,38.7333,-27.0667,59.25,88,40,10.33
53,Acapulco,MX,2022-02-02 05:35:45,16.8634,-99.8901,76.82,73,20,5.75
54,Victoria,HK,2022-02-02 05:30:54,22.2855,114.1577,63.95,89,100,4.0
55,Levittown,US,2022-02-02 05:35:47,40.1551,-74.8288,31.98,87,0,5.75
56,Sawakin,SD,2022-02-02 05:35:47,19.1059,37.3321,68.92,64,43,7.27
57,Heidelberg,ZA,2022-02-02 05:35:48,-26.5048,28.3592,68.56,51,33,5.3
58,Qiyang,CN,2022-02-02 05:35:48,26.5911,111.8474,37.53,88,100,5.28
59,Punta Arenas,CL,2022-02-02 05:35:49,-53.15,-70.9167,44.71,70,75,14.97
60,Talnakh,RU,2022-02-02 05:35:49,69.4865,88.3972,2.21,96,100,7.14
61,Lavrentiya,RU,2022-02-02 05:35:50,65.5833,-171.0,-2.04,84,1,14.29
62,Qaanaaq,GL,2022-02-02 05:35:50,77.484,-69.3632,-22.85,61,96,9.22
63,Atuona,PF,2022-02-02 05:35:50,-9.8,-139.0333,78.71,75,13,20.0
64,Bluff,NZ,2022-02-02 05:35:51,-46.6,168.3333,71.8,90,94,9.75
65,Muros,ES,2022-02-02 05:35:51,42.7762,-9.0603,48.7,89,0,6.15
66,San Patricio,US,2022-02-02 05:35:52,28.017,-97.5169,63.9,87,9,7.63
67,Butaritari,KI,2022-02-02 05:35:52,3.0707,172.7902,81.9,78,30,14.92
68,Hilo,US,2022-02-02 05:33:18,19.7297,-155.09,71.33,89,75,3.44
69,Sitka,US,2022-02-02 05:35:53,57.0531,-135.33,31.89,80,100,20.71
70,Ishigaki,JP,2022-02-02 05:35:54,24.3448,124.1572,71.73,83,75,4.61
71,Tommot,RU,2022-02-02 05:35:55,58.9564,126.2925,-2.87,92,100,9.62
72,Virginia Beach,US,2022-02-02 05:34:22,36.8529,-75.978,39.0,91,20,4.61
73,Stornoway,GB,2022-02-02 05:35:56,58.2093,-6.3865,45.03,92,75,1.99
74,Trairi,BR,2022-02-02 05:35:56,-3.2778,-39.2689,75.38,90,36,6.26
75,Kaitangata,NZ,2022-02-02 05:35:56,-46.2817,169.8464,78.93,66,77,3.67
76,Tasiilaq,GL,2022-02-02 05:35:57,65.6145,-37.6368,14.16,87,100,6.46
77,Dikson,RU,2022-02-02 05:35:57,73.5069,80.5464,0.27,94,99,15.1
78,Smithers,CA,2022-02-02 05:34:05,54.7804,-127.1743,17.92,53,100,9.22
79,Scarborough,GB,2022-02-02 05:35:58,54.2797,-0.4044,48.52,86,100,1.01
80,Cayenne,GF,2022-02-02 05:35:58,4.9333,-52.3333,74.08,92,75,1.14
81,Mogzon,RU,2022-02-02 05:35:59,51.7435,111.9606,2.25,76,92,4.27
82,East London,ZA,2022-02-02 05:35:59,-33.0153,27.9116,79.74,73,0,4.61
83,Saskylakh,RU,2022-02-02 05:36:00,71.9167,114.0833,-28.26,100,44,1.68
84,Te Anau,NZ,2022-02-02 05:36:00,-45.4167,167.7167,65.73,98,100,4.5
85,Waingapu,ID,2022-02-02 05:36:00,-9.6567,120.2641,89.02,60,8,15.73
86,Jamestown,US,2022-02-02 05:31:26,42.097,-79.2353,36.72,50,40,7.0
87,Puerto Rondon,CO,2022-02-02 05:36:01,6.2805,-71.1,75.47,50,100,6.44
88,Nikolskoye,RU,2022-02-02 05:36:01,59.7035,30.7861,24.69,98,98,2.15
89,Cape Town,ZA,2022-02-02 05:35:03,-33.9258,18.4232,69.28,82,75,17.27
90,Burnie,AU,2022-02-02 05:32:22,-41.0667,145.9167,67.95,35,31,11.56
91,Bridgwater,GB,2022-02-02 05:37:03,51.1284,-3.0036,49.69,91,86,5.01
92,Vaini,TO,2022-02-02 05:37:03,-21.2,-175.2,84.36,74,20,6.91
93,Kharp,RU,2022-02-02 05:37:04,66.8014,65.8081,-16.01,100,92,0.56
94,New Norfolk,AU,2022-02-02 05:37:04,-42.7826,147.0587,68.67,34,88,4.0
95,Qingdao,CN,2022-02-02 05:37:04,36.0986,120.3719,37.0,30,0,4.47
96,Carnarvon,AU,2022-02-02 05:35:32,-24.8667,113.6333,84.27,70,99,16.11
97,Xining,CN,2022-02-02 05:32:21,36.6167,101.7667,21.96,47,19,2.1
98,Puerto Ayora,EC,2022-02-02 05:37:05,-0.7393,-90.3518,73.54,96,98,4.68
99,Araouane,ML,2022-02-02 05:37:06,18.9048,-3.5265,62.65,22,43,14.03
100,Salalah,OM,2022-02-02 05:37:06,17.0151,54.0924,73.49,49,0,3.44
101,Killybegs,IE,2022-02-02 05:37:06,54.6333,-8.45,49.44,92,100,17.4
102,Tiksi,RU,2022-02-02 05:37:07,71.6872,128.8694,-7.83,97,100,8.16
103,Lorengau,PG,2022-02-02 05:37:07,-2.0226,147.2712,77.07,85,100,3.83
104,Tessalit,ML,2022-02-02 05:37:08,20.1986,1.0114,56.61,26,55,10.92
105,Leningradskiy,RU,2022-02-02 05:35:20,69.3833,178.4167,-13.68,96,40,9.73
106,Erenhot,CN,2022-02-02 05:37:09,43.6475,111.9767,9.39,66,4,8.19
107,Kayes,ML,2022-02-02 05:37:09,14.0,-11.0,71.24,14,0,6.78
108,Rio Verde De Mato Grosso,BR,2022-02-02 05:34:45,-18.9181,-54.8442,70.38,98,97,5.26
109,Avarua,CK,2022-02-02 05:37:10,-21.2078,-159.775,80.65,83,75,12.66
110,Zaymishche,RU,2022-02-02 05:37:10,52.7264,32.2334,13.03,96,79,8.97
111,Katsuura,JP,2022-02-02 05:37:10,35.1333,140.3,50.14,32,14,3.94
112,Lagos,NG,2022-02-02 05:35:40,6.5833,3.75,71.92,70,6,3.51
113,Agadir,MA,2022-02-02 05:37:11,30.4202,-9.5982,57.65,38,61,7.67
114,Provideniya,RU,2022-02-02 05:37:11,64.3833,-173.3,10.98,58,0,21.23
115,Kavieng,PG,2022-02-02 05:37:12,-2.5744,150.7967,83.12,70,100,7.92
116,Jumla,NP,2022-02-02 05:37:12,29.2747,82.1838,53.08,21,0,5.97
117,Yaan,NG,2022-02-02 05:37:13,7.3833,8.5667,70.54,20,38,6.22
118,Timmins,CA,2022-02-02 05:36:32,48.4669,-81.3331,35.42,75,100,11.5
119,Salisbury,GB,2022-02-02 05:37:13,51.0693,-1.7957,49.28,90,75,10.36
120,Coquimbo,CL,2022-02-02 05:36:50,-29.9533,-71.3436,62.33,88,0,3.44
121,Chokurdakh,RU,2022-02-02 05:37:14,70.6333,147.9167,-4.68,90,100,4.23
122,Veraval,IN,2022-02-02 05:37:14,20.9,70.3667,78.28,46,1,6.71
123,Arraial Do Cabo,BR,2022-02-02 05:35:35,-22.9661,-42.0278,75.56,87,92,6.2
124,Hobart,AU,2022-02-02 05:37:15,-42.8794,147.3294,69.03,42,40,1.01
125,Port Blair,IN,2022-02-02 05:37:15,11.6667,92.75,81.39,62,43,9.31
126,Broome,US,2022-02-02 05:37:16,42.2506,-75.833,30.02,74,0,3.0
127,Guerrero Negro,MX,2022-02-02 05:37:16,27.9769,-114.0611,59.58,74,94,10.92
128,Hovd,MN,2022-02-02 05:37:17,48.0056,91.6419,-1.52,84,100,3.09
129,Isangel,VU,2022-02-02 05:37:17,-19.55,169.2667,84.31,84,75,0.0
130,Upernavik,GL,2022-02-02 05:37:18,72.7868,-56.1549,-12.3,70,100,4.52
131,Sorland,NO,2022-02-02 05:37:18,67.667,12.6934,26.67,60,100,13.94
132,Sandakan,MY,2022-02-02 05:37:19,5.8402,118.1179,85.68,74,40,5.99
133,Vostok,RU,2022-02-02 05:34:03,46.4856,135.8833,5.63,88,100,8.75
134,Saint-Augustin,CA,2022-02-02 05:38:19,51.226,-58.6502,-23.06,95,13,4.88
135,Saint George,US,2022-02-02 05:36:11,37.1041,-113.5841,39.63,29,0,1.99
136,Dali,CN,2022-02-02 05:38:20,25.7,100.1833,52.45,43,34,9.15
137,Sao Gabriel Da Cachoeira,BR,2022-02-02 05:38:20,-0.1303,-67.0892,72.41,94,29,2.21
138,Tiznit,MA,2022-02-02 05:38:21,29.5833,-9.5,62.22,27,91,3.85
139,Pangnirtung,CA,2022-02-02 05:38:21,66.1451,-65.7125,-10.21,81,91,4.5
140,Tuatapere,NZ,2022-02-02 05:38:22,-46.1333,167.6833,71.82,92,95,3.62
141,Puerto Suarez,BO,2022-02-02 05:38:22,-18.95,-57.8,72.66,98,99,3.02
142,Maltahohe,NA,2022-02-02 05:38:23,-24.8333,16.9833,69.66,68,87,9.06
143,Sire,NG,2022-02-02 05:38:23,12.9299,5.2043,56.93,18,55,9.69
144,Poplar Bluff,US,2022-02-02 05:38:24,36.757,-90.3929,51.87,88,100,9.22
145,Khilok,RU,2022-02-02 05:38:24,51.3674,110.4676,4.51,76,100,7.58
146,Zhenlai,CN,2022-02-02 05:38:25,45.8495,123.2973,11.79,60,11,7.56
147,Diu,IN,2022-02-02 05:38:25,20.7141,70.9822,80.58,35,0,1.68
148,Jinchang,CN,2022-02-02 05:38:26,38.4953,102.1739,30.15,24,28,8.52
149,Sola,VU,2022-02-02 05:38:26,-13.8833,167.55,80.69,78,100,14.92
150,Lucea,JM,2022-02-02 05:38:26,18.451,-78.1736,73.26,79,2,8.05
151,Nouakchott,MR,2022-02-02 05:38:27,18.0858,-15.9785,80.53,23,88,16.31
152,Clyde River,CA,2022-02-02 05:38:27,70.4692,-68.5914,-28.97,75,75,3.44
153,Mecca,SA,2022-02-02 05:38:25,21.4267,39.8261,73.17,32,0,1.41
154,Mildura,AU,2022-02-02 05:37:07,-34.2,142.15,77.07,19,0,18.41
155,Lashio,MM,2022-02-02 05:38:28,22.9333,97.75,71.2,28,0,4.65
156,Ust-Omchug,RU,2022-02-02 05:38:28,61.15,149.6333,-13.04,95,71,7.05
157,Biak,ID,2022-02-02 05:38:29,-0.9131,122.8766,82.92,61,100,1.57
158,Nizhnevartovsk,RU,2022-02-02 05:38:29,60.9344,76.5531,1.02,85,100,2.24
159,Norman Wells,CA,2022-02-02 05:38:30,65.282,-126.8329,-27.36,75,75,2.3
160,Mitu,CO,2022-02-02 05:38:30,1.1983,-70.1733,71.06,78,87,3.11
161,Talcahuano,CL,2022-02-02 05:38:31,-36.7167,-73.1167,58.68,88,100,9.22
162,Port Elizabeth,ZA,2022-02-02 05:34:56,-33.918,25.5701,80.89,74,0,3.44
163,Makat,KZ,2022-02-02 05:38:31,47.6469,53.3463,32.22,90,96,5.06
164,Eureka,US,2022-02-02 05:36:29,40.8021,-124.1637,47.25,80,0,8.01
165,Verkh-Usugli,RU,2022-02-02 05:38:32,52.7,115.1667,5.0,66,23,3.65
166,Kapuskasing,CA,2022-02-02 05:35:50,49.4169,-82.4331,28.49,64,100,25.32
167,Pangody,RU,2022-02-02 05:38:32,65.85,74.4859,-13.49,99,83,7.07
168,Thinadhoo,MV,2022-02-02 05:38:33,0.5333,72.9333,83.07,70,18,10.42
169,Nelson Bay,AU,2022-02-02 05:38:33,-32.7167,152.15,71.01,94,100,1.99
170,Bethel,US,2022-02-02 05:38:34,41.3712,-73.414,33.76,76,100,0.0
171,Merauke,ID,2022-02-02 05:38:34,-8.4667,140.3333,76.91,80,100,1.01
172,Axim,GH,2022-02-02 05:38:35,4.8699,-2.2405,77.27,86,86,2.06
173,Shu,KZ,2022-02-02 05:38:35,43.5983,73.7614,37.29,49,20,0.54
174,Aswan,EG,2022-02-02 05:38:36,24.0934,32.907,45.7,70,0,6.91
175,Aklavik,CA,2022-02-02 05:38:36,68.2191,-135.0107,-17.57,100,98,3.71
176,Igarka,RU,2022-02-02 05:38:36,67.4667,86.5833,5.94,95,98,9.06
177,Arlit,NE,2022-02-02 05:38:37,18.7369,7.3853,57.31,18,36,7.16
178,Hillsborough,US,2022-02-02 05:38:37,37.5741,-122.3794,56.48,31,0,4.0
179,Khatanga,RU,2022-02-02 05:38:38,71.9667,102.5,-37.95,98,37,1.95
180,Severnyy,RU,2022-02-02 05:38:38,50.677,36.5532,24.84,93,100,6.71
181,Rostovka,RU,2022-02-02 05:39:38,55.3842,71.8891,12.45,96,98,8.05
182,Berlevag,NO,2022-02-02 05:39:39,70.8578,29.0864,14.0,79,82,9.69
183,Lata,PT,2022-02-02 05:39:39,40.1629,-8.3327,54.72,80,0,5.46
184,Muroto,JP,2022-02-02 05:39:40,33.2833,134.15,48.24,42,83,9.98
185,Severo-Kurilsk,RU,2022-02-02 05:38:01,50.6789,156.125,29.17,78,100,5.7
186,Beringovskiy,RU,2022-02-02 05:39:40,63.05,179.3167,-1.89,89,96,16.42
187,Klaksvik,FO,2022-02-02 05:39:41,62.2266,-6.589,32.92,77,99,13.02
188,Mehamn,NO,2022-02-02 05:39:41,71.0357,27.8492,21.38,92,0,13.8
189,Deputatskiy,RU,2022-02-02 05:39:42,69.3,139.9,-19.32,99,100,1.45
190,Havoysund,NO,2022-02-02 05:39:42,70.9963,24.6622,21.43,80,87,12.55
191,Moroni,KM,2022-02-02 05:39:43,-11.7022,43.2551,84.2,74,20,2.3
192,Anito,PH,2022-02-02 05:39:43,12.4497,125.2886,80.38,83,59,10.13
193,Hvolsvollur,IS,2022-02-02 05:39:44,63.7533,-20.2243,23.81,98,100,1.41
194,Noyabrsk,RU,2022-02-02 05:39:44,63.1994,75.4507,-6.84,98,93,5.7
195,Keti Bandar,PK,2022-02-02 05:39:45,24.1447,67.4497,77.38,60,0,17.13
196,Puerto Baquerizo Moreno,EC,2022-02-02 05:39:45,-0.9,-89.6,73.45,87,71,5.77
197,Sarangani,PH,2022-02-02 05:39:45,5.4033,125.4636,81.25,76,98,23.47
198,Kahului,US,2022-02-02 05:38:37,20.8947,-156.47,73.42,75,0,12.66
199,Iqaluit,CA,2022-02-02 05:39:46,63.7506,-68.5145,-4.27,76,100,20.0
200,Batagay-Alyta,RU,2022-02-02 05:39:47,67.8006,130.4114,-9.53,100,100,1.7
201,Sines,PT,2022-02-02 05:39:47,37.9562,-8.8698,52.29,56,0,6.82
202,Leh,IN,2022-02-02 05:39:47,34.1667,77.5833,6.64,62,97,2.15
203,Muzhi,RU,2022-02-02 05:39:48,65.3667,64.6667,-10.41,98,100,3.27
204,Zhanaozen,KZ,2022-02-02 05:39:48,43.3,52.8,40.15,65,50,7.45
205,Sampit,ID,2022-02-02 05:39:49,-2.5333,112.95,96.35,41,79,2.1
206,Hofn,IS,2022-02-02 05:39:49,64.2539,-15.2082,26.06,77,40,10.78
207,Ust-Koksa,RU,2022-02-02 05:39:50,50.2696,85.6108,11.86,92,77,0.96
208,Ponta Delgada,PT,2022-02-02 05:39:50,37.7333,-25.6667,56.5,82,20,6.91
209,Castro,BR,2022-02-02 05:39:50,-24.7911,-50.0119,60.96,99,70,4.85
210,Charters Towers,AU,2022-02-02 05:39:51,-20.1,146.2667,92.08,47,100,4.34
211,Esperance,AU,2022-02-02 05:39:51,-33.8667,121.9,76.84,50,11,25.46
212,Kodiak,US,2022-02-02 05:39:52,57.79,-152.4072,36.91,87,100,8.05
213,Coahuayana,MX,2022-02-02 05:39:52,18.7333,-103.6833,66.63,71,0,3.87
214,Alofi,NU,2022-02-02 05:39:52,-19.0595,-169.9187,76.89,88,7,4.61
215,Faya,SA,2022-02-02 05:39:53,18.3851,42.4509,55.51,38,2,2.08
216,Acarau,BR,2022-02-02 05:39:54,-2.8856,-40.12,76.59,87,82,8.25
217,Goias,BR,2022-02-02 05:39:54,-15.5807,-49.6362,66.96,94,96,0.94
218,La Libertad,EC,2022-02-02 05:39:55,-2.2333,-80.9,75.7,80,52,7.81
219,Jawhar,SO,2022-02-02 05:39:55,2.7809,45.5005,83.75,59,94,16.89
220,Fortuna,US,2022-02-02 05:39:56,40.5982,-124.1573,46.98,83,100,5.01
221,Bonavista,CA,2022-02-02 05:39:56,48.6499,-53.1147,18.12,78,100,21.05
222,Linxi,CN,2022-02-02 05:39:57,39.7,118.4333,32.99,21,0,5.37
223,Bushehr,IR,2022-02-02 05:39:58,28.9684,50.8385,60.82,72,0,6.91
224,Sept-Iles,CA,2022-02-02 05:40:00,50.2001,-66.3821,7.32,83,90,5.99
225,Terme,TR,2022-02-02 05:41:00,41.2092,36.9739,55.33,73,98,5.57
226,Sambava,MG,2022-02-02 05:41:01,-14.2667,50.1667,78.22,70,100,3.76
227,San Quintin,MX,2022-02-02 05:41:02,30.4833,-115.95,58.82,64,78,6.78
228,Ginda,IN,2022-02-02 05:41:02,30.6945,78.4932,55.99,20,4,6.17
229,Mantua,IT,2022-02-02 05:41:03,45.1667,10.7833,40.69,82,3,1.01
230,Sao Filipe,CV,2022-02-02 05:41:03,14.8961,-24.4956,72.91,74,6,10.92
231,Yermekeyevo,RU,2022-02-02 05:41:03,54.0761,53.6712,22.87,95,95,11.77
232,Paamiut,GL,2022-02-02 05:41:04,61.994,-49.6678,-2.11,93,94,8.77
233,Vila Franca Do Campo,PT,2022-02-02 05:41:04,37.7167,-25.4333,56.19,78,93,10.31
234,Gizo,SB,2022-02-02 05:41:05,-8.103,156.8419,83.98,74,89,12.82
235,Alexandria,EG,2022-02-02 05:41:04,31.2156,29.9553,46.36,81,20,0.0
236,Nenjiang,CN,2022-02-02 05:41:05,49.1833,125.2167,8.04,78,50,6.93
237,Abalak,RU,2022-02-02 05:41:06,58.1286,68.5944,19.74,90,100,10.02
238,Sabang,ID,2022-02-02 05:41:06,5.8933,95.3214,82.24,70,27,10.11
239,Kouroussa,GN,2022-02-02 05:41:07,10.65,-9.8833,66.29,18,4,5.23
240,Arona,ES,2022-02-02 05:41:07,28.0996,-16.681,66.79,70,75,4.0
241,Ballina,AU,2022-02-02 05:41:08,-28.8667,153.5667,89.78,70,40,9.22
242,Rio Grande,BR,2022-02-02 05:36:56,-32.035,-52.0986,68.83,74,0,10.87
243,Arman,RU,2022-02-02 05:41:09,59.7,150.1667,5.9,78,98,13.78
244,Hamilton,US,2022-02-02 05:41:09,39.1834,-84.5333,51.21,51,100,10.36
245,Ongandjera,NA,2022-02-02 05:41:10,-17.8833,15.0667,68.79,43,47,5.77
246,Bucerias,MX,2022-02-02 05:41:10,20.75,-105.3333,67.98,82,0,0.0
247,Bar Harbor,US,2022-02-02 05:41:11,44.3876,-68.2039,30.02,73,100,3.0
248,Pavlodar,KZ,2022-02-02 05:41:11,52.3,76.95,6.6,85,40,0.0
249,Vaitape,PF,2022-02-02 05:41:12,-16.5167,-151.75,81.19,75,9,19.75
250,Salinopolis,BR,2022-02-02 05:41:12,-0.6136,-47.3561,78.37,86,92,10.54
251,Sokoni,TZ,2022-02-02 05:41:13,-6.4333,39.55,82.69,75,100,7.76
252,Serebryanyy Bor,RU,2022-02-02 05:41:13,56.8,124.8,-7.56,92,100,10.27
253,Margate,GB,2022-02-02 05:41:14,51.3813,1.3862,50.76,81,99,7.0
254,Labuan,MY,2022-02-02 05:41:14,5.2767,115.2417,89.76,66,20,7.0
255,Road Town,VG,2022-02-02 05:41:15,18.4167,-64.6167,75.99,76,6,12.84
256,Simao,CN,2022-02-02 05:41:15,22.7886,100.9748,68.63,26,0,7.0
257,Altamira,BR,2022-02-02 05:38:49,-3.2033,-52.2064,71.15,99,91,2.42
258,Bulandshahr,IN,2022-02-02 05:41:16,28.4,77.85,64.56,49,0,4.74
259,Kaeo,NZ,2022-02-02 05:41:16,-35.1,173.7833,74.32,85,100,10.51
260,Sistranda,NO,2022-02-02 05:41:17,63.7256,8.834,23.9,71,100,2.48
261,Narsaq,GL,2022-02-02 05:41:17,60.9167,-46.05,8.82,79,10,5.41
262,Portland,US,2022-02-02 05:36:27,45.5234,-122.6762,42.37,91,81,1.01
263,Port Lincoln,AU,2022-02-02 05:41:18,-34.7333,135.8667,65.17,55,52,19.37
264,Namie,JP,2022-02-02 05:41:18,37.4833,141.0,42.96,51,67,14.65
265,Yulara,AU,2022-02-02 05:41:19,-25.2406,130.9889,71.44,88,100,13.8
266,Cabedelo,BR,2022-02-02 05:39:38,-6.9811,-34.8339,77.67,76,39,7.92
267,Brownsville,US,2022-02-02 05:41:20,25.9018,-97.4975,64.9,93,1,1.99
268,Concepcion Del Oro,MX,2022-02-02 05:41:20,24.6333,-101.4167,52.61,13,0,5.26
269,Marzuq,YE,2022-02-02 05:41:20,14.4,46.4667,70.75,47,91,4.74
270,Palasbari,IN,2022-02-02 05:42:21,26.1361,91.5486,68.86,82,75,0.0
271,Amahai,ID,2022-02-02 05:42:21,-3.3333,128.9167,85.41,62,97,5.73
272,Darhan,MN,2022-02-02 05:42:22,49.4867,105.9228,1.4,80,26,3.65
273,Ocnita,RO,2022-02-02 05:42:22,44.9833,25.55,32.11,99,100,2.35
274,Fort Nelson,CA,2022-02-02 05:38:08,58.8053,-122.7002,-24.21,76,0,3.44
275,Eyl,SO,2022-02-02 05:42:23,7.9803,49.8164,80.13,62,89,19.33
276,Harper,LR,2022-02-02 05:42:23,4.375,-7.7169,77.56,82,100,3.89
277,Aleksandrov Gay,RU,2022-02-02 05:42:24,50.147,48.5704,27.63,98,100,9.31
278,Amboasary,MG,2022-02-02 05:42:24,-25.0333,46.3833,82.24,51,0,5.37
279,Cabo San Lucas,MX,2022-02-02 05:42:25,22.8909,-109.9124,68.5,70,0,11.99
280,Boa Vista,BR,2022-02-02 05:42:25,2.8197,-60.6733,78.78,69,0,10.36
281,Airai,TL,2022-02-02 05:42:26,-8.9266,125.4092,74.55,54,44,6.06
282,Zhezkazgan,KZ,2022-02-02 05:42:26,47.8043,67.7144,4.98,92,90,6.71
283,Umm Lajj,SA,2022-02-02 05:42:27,25.0213,37.2685,68.88,23,0,3.2
284,Mao,ES,2022-02-02 05:42:27,39.8885,4.2658,52.36,87,20,12.66
285,Entebbe,UG,2022-02-02 05:42:27,0.0644,32.4469,70.12,94,20,3.44
286,Mount Gambier,AU,2022-02-02 05:42:28,-37.8333,140.7667,67.91,37,100,14.97
287,Haines Junction,CA,2022-02-02 05:42:28,60.7522,-137.5108,-14.85,76,100,0.0
288,Sioux Lookout,CA,2022-02-02 05:42:29,50.1001,-91.917,-2.13,78,100,14.97
289,Hami,CN,2022-02-02 05:42:30,42.8,93.45,27.91,24,100,1.81
290,Atar,MR,2022-02-02 05:42:30,20.5169,-13.0499,72.1,15,73,11.92
291,Am Timan,TD,2022-02-02 05:42:30,11.0297,20.2827,67.86,22,4,3.78
292,Yamada,JP,2022-02-02 05:42:31,39.4667,141.95,37.54,45,87,10.85
293,Fossano,IT,2022-02-02 05:42:31,44.5489,7.7201,50.83,65,0,2.53
294,Nemuro,JP,2022-02-02 05:42:32,43.3236,145.575,28.83,63,55,19.57
295,Erzin,TR,2022-02-02 05:42:32,36.9559,36.2,46.92,81,88,5.93
296,Vardo,NO,2022-02-02 05:42:33,70.3705,31.1107,16.0,62,100,14.81
297,Tuktoyaktuk,CA,2022-02-02 05:42:33,69.4541,-133.0374,-27.4,68,0,3.44
298,Wharton,US,2022-02-02 05:42:34,29.3116,-96.1027,57.27,100,1,4.61
299,Baoro,CF,2022-02-02 05:42:34,5.6667,15.9667,65.23,27,54,3.0
300,Cururupu,BR,2022-02-02 05:42:34,-1.8283,-44.8683,74.26,97,70,3.76
301,Lubango,AO,2022-02-02 05:42:35,-14.9172,13.4925,61.3,45,100,1.05
302,Touros,BR,2022-02-02 05:42:35,-5.1989,-35.4608,76.1,81,64,8.08
303,Havre-Saint-Pierre,CA,2022-02-02 05:42:36,50.2334,-63.5986,14.0,78,75,11.5
304,Kulhudhuffushi,MV,2022-02-02 05:42:36,6.6221,73.07,82.24,72,29,13.31
305,Lakes Entrance,AU,2022-02-02 05:42:37,-37.8811,147.981,65.57,55,72,12.28
306,Sakaiminato,JP,2022-02-02 05:42:37,35.55,133.2333,46.38,49,75,14.97
307,Souillac,MU,2022-02-02 05:42:12,-20.5167,57.5167,82.78,83,75,27.63
308,Vilyuysk,RU,2022-02-02 05:42:38,63.7553,121.6247,-17.03,95,99,6.91
309,Timra,SE,2022-02-02 05:42:38,62.487,17.3257,8.31,85,82,5.75
310,Saint-Francois,FR,2022-02-02 05:42:39,46.4154,3.9054,45.84,93,100,10.36
311,Bathsheba,BB,2022-02-02 05:42:39,13.2167,-59.5167,77.61,83,40,13.8
312,Quatre Cocos,MU,2022-02-02 05:42:40,-20.2078,57.7625,82.51,87,100,33.13
313,Gisborne,NZ,2022-02-02 05:42:40,-38.6533,178.0042,78.94,57,100,4.94
314,Kissidougou,GN,2022-02-02 05:42:41,9.1848,-10.0999,63.9,23,27,3.91
315,Vestmannaeyjar,IS,2022-02-02 05:42:19,63.4427,-20.2734,36.9,76,100,10.13
316,Kishtwar,IN,2022-02-02 05:43:42,33.3167,75.7667,48.61,40,53,1.97
317,Batemans Bay,AU,2022-02-02 05:43:42,-35.7167,150.1833,70.2,87,100,2.95
318,Phan Thiet,VN,2022-02-02 05:43:43,10.9333,108.1,88.34,52,66,16.26
319,Puerto Gaitan,CO,2022-02-02 05:43:43,4.3133,-72.0816,78.89,40,100,8.41
320,Vila Velha,BR,2022-02-02 05:43:43,-20.3297,-40.2925,73.35,95,100,1.99
321,Praya,CV,2022-02-02 05:43:44,14.9215,-23.5087,77.54,53,20,8.05
322,Omboue,GA,2022-02-02 05:43:44,-1.5746,9.2618,78.21,81,99,3.38
323,Wadi Musa,JO,2022-02-02 05:43:45,30.3222,35.4793,43.66,53,1,7.18
324,Segezha,RU,2022-02-02 05:43:45,63.7415,34.3222,8.92,96,99,5.75
325,Qingyuan,CN,2022-02-02 05:43:46,23.7,113.0333,51.78,85,100,5.35
326,Coihaique,CL,2022-02-02 05:43:46,-45.5752,-72.0662,57.15,54,0,12.66
327,Shelburne,CA,2022-02-02 05:43:47,44.0787,-80.2041,36.9,80,100,16.96
328,Yeppoon,AU,2022-02-02 05:43:47,-23.1333,150.7333,94.78,68,95,18.03
329,Tigil,RU,2022-02-02 05:43:48,57.8,158.6667,20.12,85,99,6.2
330,Praia,CV,2022-02-02 05:43:48,14.9215,-23.5087,77.54,53,20,8.05
331,Sao Jose Da Coroa Grande,BR,2022-02-02 05:43:49,-8.8978,-35.1478,77.29,81,7,4.81
332,Iwanai,JP,2022-02-02 05:43:49,42.9744,140.5089,28.08,72,100,12.28
333,Baruun-Urt,MN,2022-02-02 05:43:50,46.6806,113.2792,3.25,72,9,7.43
334,Sakakah,SA,2022-02-02 05:43:50,29.9697,40.2064,42.37,51,0,8.41
335,Half Moon Bay,US,2022-02-02 05:43:51,37.4636,-122.4286,57.24,31,0,13.8
336,Pimentel,PE,2022-02-02 05:43:51,-6.8367,-79.9342,69.78,82,5,10.07
337,Komsomolskiy,UZ,2022-02-02 05:43:51,40.4272,71.7189,38.12,65,100,2.3
338,Barra Patuca,HN,2022-02-02 05:43:52,15.8,-84.2833,73.92,87,2,7.65
339,Aparecida Do Taboado,BR,2022-02-02 05:43:52,-20.0867,-51.0936,69.69,97,100,6.2
340,Luderitz,NA,2022-02-02 05:43:53,-26.6481,15.1594,65.03,88,65,8.68
341,Kommunisticheskiy,RU,2022-02-02 05:43:53,61.6789,64.4819,18.34,94,100,8.08
342,Moshupa,BW,2022-02-02 05:43:54,-24.7782,25.4155,70.21,62,95,11.34
343,Torrington,US,2022-02-02 05:39:53,41.8007,-73.1212,32.13,80,100,0.45
344,Leshukonskoye,RU,2022-02-02 05:43:55,64.8989,45.7622,13.53,96,100,5.77
345,Ostrovnoy,RU,2022-02-02 05:43:55,68.0531,39.5131,20.16,91,100,11.79
346,Mingyue,CN,2022-02-02 05:43:55,43.1069,128.9217,17.87,58,49,14.09
347,Bayan,CN,2022-02-02 05:43:56,46.0833,127.4,8.35,80,69,9.17
348,Timberlake,US,2022-02-02 05:43:56,37.3207,-79.2575,32.63,83,0,0.0
349,Manadhoo,MV,2022-02-02 05:43:57,5.7667,73.3833,82.58,70,7,17.18
350,High Level,CA,2022-02-02 05:43:57,58.5169,-117.136,-27.29,75,0,0.0
351,Benghazi,LY,2022-02-02 05:43:58,32.1167,20.0667,55.58,65,67,20.15
352,Manicore,BR,2022-02-02 05:43:58,-5.8092,-61.3003,72.81,99,88,1.66
353,Matsusaka,JP,2022-02-02 05:43:59,34.5667,136.5333,46.29,43,92,12.35
354,Dunedin,NZ,2022-02-02 05:43:59,-45.8742,170.5036,75.79,71,73,1.01
355,Cimahi,ID,2022-02-02 05:43:59,-6.8722,107.5425,78.71,81,71,5.99
356,Cap Malheureux,MU,2022-02-02 05:44:00,-19.9842,57.6142,82.89,82,100,18.01
357,Savannah Bight,HN,2022-02-02 05:44:00,16.45,-85.85,78.01,79,0,24.49
358,Maracaibo,VE,2022-02-02 05:44:01,10.6317,-71.6406,77.63,80,3,10.54
359,Alice Springs,AU,2022-02-02 05:40:12,-23.7,133.8833,71.15,94,90,13.8
360,Orlik,RU,2022-02-02 05:44:01,52.5178,99.825,-0.09,88,49,0.29
361,Lakatoro,VU,2022-02-02 05:45:02,-16.0999,167.4164,83.1,76,91,7.05
362,San Bartolome,ES,2022-02-02 05:45:02,27.9248,-15.5733,59.32,56,20,8.05
363,Valparaiso,CL,2022-02-02 05:41:58,-33.0393,-71.6273,65.48,73,0,4.61
364,Inhambane,MZ,2022-02-02 05:45:03,-23.865,35.3833,77.0,88,20,3.0
365,Mosquera,CO,2022-02-02 05:45:03,4.7059,-74.2302,48.29,93,75,5.75
366,Mar Del Plata,AR,2022-02-02 05:45:04,-38.0023,-57.5575,68.09,90,60,3.44
367,Ahipara,NZ,2022-02-02 05:45:04,-35.1667,173.1667,72.73,75,100,12.37
368,Pickerington,US,2022-02-02 05:45:05,39.8842,-82.7535,43.02,81,0,0.0
369,Ialibu,PG,2022-02-02 05:45:05,-6.2821,143.9935,58.64,92,100,3.22
370,Vaxjo,SE,2022-02-02 05:44:34,56.8777,14.8091,26.65,100,100,5.75
371,Kloulklubed,PW,2022-02-02 05:45:06,7.0419,134.2556,82.9,87,100,21.41
372,Talaya,RU,2022-02-02 05:45:07,61.3833,152.75,-13.29,99,100,4.5
373,Magomeni,TZ,2022-02-02 05:45:07,-6.8,39.25,82.78,78,40,6.91
374,Euclides Da Cunha,BR,2022-02-02 05:45:08,-10.5075,-39.0158,68.72,91,5,4.68
375,Vengerovo,RU,2022-02-02 05:45:08,55.6848,76.7471,9.82,98,100,4.94
376,Dauphin,CA,2022-02-02 05:43:12,51.1494,-100.0502,-12.86,64,1,16.11
377,Tianpeng,CN,2022-02-02 05:45:09,30.9866,103.9393,43.27,55,67,6.8
378,Garibaldi,BR,2022-02-02 05:42:26,-29.2561,-51.5336,64.45,95,0,2.86
379,Masuguru,TZ,2022-02-02 05:45:10,-11.3667,38.4167,78.69,83,91,1.61
380,Maneadero,MX,2022-02-02 05:42:49,31.7167,-116.5667,53.1,84,71,1.01
381,Chuy,UY,2022-02-02 05:45:10,-33.6971,-53.4616,61.02,81,0,6.13
382,Namtsy,RU,2022-02-02 05:45:11,62.7161,129.6658,-18.29,93,100,3.31
383,Meulaboh,ID,2022-02-02 05:45:11,4.1363,96.1285,85.12,63,58,5.86
384,Roma,US,2022-02-02 05:43:12,43.2128,-75.4557,33.66,69,1,9.22
385,Tambura,SS,2022-02-02 05:45:12,5.6,27.4667,75.33,20,79,4.85
386,Pohrebyshche,UA,2022-02-02 05:45:12,49.4864,29.2636,20.98,91,96,8.99
387,Coolum Beach,AU,2022-02-02 05:45:13,-26.5333,153.1,84.34,91,99,1.01
388,Port Moresby,PG,2022-02-02 05:45:13,-9.4431,147.1797,74.62,94,100,11.5
389,Pahrump,US,2022-02-02 05:45:14,36.2083,-115.9839,46.62,16,0,3.0
390,Avera,US,2022-02-02 05:45:14,33.194,-82.5271,48.07,80,13,9.69
391,Salym,RU,2022-02-02 05:45:15,60.0625,71.4789,13.64,93,97,6.42
392,Alta Floresta,BR,2022-02-02 05:45:15,-9.8756,-56.0861,69.46,93,75,1.12
393,Lilongwe,MW,2022-02-02 05:42:56,-13.9669,33.7873,70.0,94,75,3.44
394,Springbok,ZA,2022-02-02 05:45:16,-29.6643,17.8865,64.71,78,86,4.88
395,Memari,IN,2022-02-02 05:45:16,23.2,88.1167,76.86,34,0,2.37
396,Great Bend,US,2022-02-02 05:45:17,38.3645,-98.7648,26.73,50,100,1.99
397,Adjumani,UG,2022-02-02 05:45:17,3.3779,31.7909,80.28,27,100,4.18
398,Waitara,NZ,2022-02-02 05:45:18,-38.925,174.25,76.23,74,99,17.13
399,Nanzhang,CN,2022-02-02 05:45:18,31.7765,111.8386,45.61,33,100,7.96
400,Kenai,US,2022-02-02 05:45:19,60.5544,-151.2583,21.15,91,100,18.41
401,Salinas,US,2022-02-02 05:43:24,36.6777,-121.6555,52.83,52,0,9.22
402,Guaratinga,BR,2022-02-02 05:45:20,-16.5667,-39.5667,75.87,98,18,2.21
403,Ahuimanu,US,2022-02-02 05:45:20,21.4447,-157.8378,74.91,73,40,3.0
404,Tamandare,BR,2022-02-02 05:45:21,-8.7597,-35.1047,77.77,81,16,6.24
405,Zhangye,CN,2022-02-02 05:45:21,38.9342,100.4517,35.6,18,20,3.62
406,Asosa,ET,2022-02-02 05:45:21,10.0667,34.5333,69.17,23,58,5.28
407,Nicoya,CR,2022-02-02 05:42:22,10.1483,-85.452,71.15,86,9,1.41
408,Stavern,NO,2022-02-02 05:45:22,59.0,10.0333,23.45,91,88,11.05
409,Umba,RU,2022-02-02 05:46:22,66.6871,34.3429,8.78,90,99,9.53
410,Oussouye,SN,2022-02-02 05:46:23,12.485,-16.5469,75.38,31,4,7.11
411,Pacific Grove,US,2022-02-02 05:42:10,36.6177,-121.9166,52.43,61,0,3.0
412,Sorrento,IT,2022-02-02 05:46:21,40.626,14.3744,45.28,76,1,6.35
413,Blackfoot,US,2022-02-02 05:46:24,43.1905,-112.345,15.58,96,98,1.57
414,Saint Anthony,US,2022-02-02 05:46:24,45.0205,-93.218,5.25,73,1,4.0
415,Dingle,PH,2022-02-02 05:46:25,10.9995,122.6711,84.47,66,79,13.89
416,Scottsbluff,US,2022-02-02 05:46:25,41.8666,-103.6672,16.79,59,100,5.01
417,Bandarbeyla,SO,2022-02-02 05:46:26,9.4942,50.8122,78.69,65,35,18.07
418,Hithadhoo,MV,2022-02-02 05:46:26,-0.6,73.0833,82.78,70,8,9.31
419,Los Andes,CL,2022-02-02 05:46:27,-32.8337,-70.5983,67.71,69,15,0.89
420,Samarai,PG,2022-02-02 05:46:28,-10.6167,150.6667,83.95,73,100,11.77
421,Albury,AU,2022-02-02 05:46:28,-36.0833,146.9167,78.33,72,40,11.5
422,Gushikawa,JP,2022-02-02 05:46:28,26.3544,127.8686,69.03,95,75,6.91
423,Grindavik,IS,2022-02-02 05:46:29,63.8424,-22.4338,32.47,93,75,17.27
424,Ovalle,CL,2022-02-02 05:46:29,-30.5983,-71.2003,65.59,77,15,2.55
425,Awbari,LY,2022-02-02 05:46:30,26.5921,12.7805,41.25,53,0,7.11
426,Fukue,JP,2022-02-02 05:46:31,32.6881,128.8419,44.96,65,75,11.5
427,Banepa,NP,2022-02-02 05:46:31,27.6298,85.5214,52.12,62,20,4.61
428,Adrar,MR,2022-02-02 05:46:32,20.5022,-10.0711,64.9,21,36,10.18
429,Shahr-E Babak,IR,2022-02-02 05:46:32,30.1165,55.1186,42.04,49,0,3.31
430,Verkhozim,RU,2022-02-02 05:46:32,52.7122,45.418,23.85,99,56,6.89
431,La Ronge,CA,2022-02-02 05:46:33,55.1001,-105.2842,-16.35,63,20,11.5
432,Cherskiy,RU,2022-02-02 05:46:34,68.75,161.3,9.0,64,100,5.77
433,Condado,CU,2022-02-02 05:46:34,21.8767,-79.8403,69.96,93,31,6.58
434,Abja-Paluoja,EE,2022-02-02 05:46:34,58.1253,25.3497,18.86,99,94,3.18
435,Westport,US,2022-02-02 05:46:35,41.1415,-73.3579,35.02,76,100,4.0
436,Tazmalt,DZ,2022-02-02 05:46:35,36.3868,4.3989,46.69,98,99,5.17
437,Jibuti,DJ,2022-02-02 05:46:36,11.5,42.5,74.62,63,49,7.31
438,Roald,NO,2022-02-02 05:46:36,62.5833,6.1333,36.91,69,20,17.27
439,Saint-Pierre,RE,2022-02-02 05:46:37,-21.3393,55.4781,85.64,89,75,33.38
440,Alekseyevsk,RU,2022-02-02 05:46:38,57.8406,108.3492,5.27,88,100,5.14
441,Umm Kaddadah,SD,2022-02-02 05:46:38,13.6017,26.6876,60.69,20,0,4.9
442,Sangar,RU,2022-02-02 05:46:38,63.9242,127.4739,-24.77,94,100,1.63
443,Chandbali,IN,2022-02-02 05:46:39,20.7833,86.7667,81.73,25,4,2.89
444,Charagua,BO,2022-02-02 05:46:39,-19.8,-63.2167,65.05,87,44,4.63
445,Ulaangom,MN,2022-02-02 05:46:40,49.9811,92.0667,-15.18,89,91,2.71
446,Lagoa,PT,2022-02-02 05:46:40,39.05,-27.9833,58.68,68,7,12.12
447,Vasilyevo,RU,2022-02-02 05:46:41,55.836,48.6582,25.47,92,97,11.5
448,Lhokseumawe,ID,2022-02-02 05:46:41,5.1801,97.1507,84.27,67,77,7.65
449,Matara,LK,2022-02-02 05:46:41,5.9485,80.5353,85.05,53,52,8.9
450,Ishinomaki,JP,2022-02-02 05:46:42,38.4167,141.3,42.8,58,40,21.65
451,San Ignacio,BZ,2022-02-02 05:46:42,17.1561,-89.0714,71.74,88,0,6.91
452,Ustka,PL,2022-02-02 05:46:43,54.5805,16.8619,34.52,98,100,11.07
453,Bloomsburg,US,2022-02-02 05:46:43,41.0037,-76.4549,32.18,82,82,3.71
454,Nara,JP,2022-02-02 05:46:44,34.6851,135.8049,47.44,40,64,10.67
455,Elban,RU,2022-02-02 05:46:44,50.1018,136.5094,2.62,89,100,5.66
456,Gambela,ET,2022-02-02 05:46:45,8.25,34.5833,84.63,27,100,2.35
457,Sinnamary,GF,2022-02-02 05:47:45,5.3833,-52.95,77.49,80,92,9.91
458,Sabha,LY,2022-02-02 05:47:46,27.0377,14.4283,42.21,64,2,9.26
459,Fairbanks,US,2022-02-02 05:43:21,64.8378,-147.7164,-10.39,73,1,0.0
460,Moron,AR,2022-02-02 05:47:46,-34.6534,-58.6198,74.98,74,2,5.55
461,Krasnoselkup,RU,2022-02-02 05:47:47,65.7,82.4667,-11.87,100,97,1.01
462,Porto Novo,BJ,2022-02-02 05:47:47,6.4965,2.6036,73.22,72,11,4.59
463,Novocheremshansk,RU,2022-02-02 05:47:47,54.3571,50.1666,22.68,93,64,10.29
464,Laurel,US,2022-02-02 05:47:48,39.0993,-76.8483,33.6,87,0,1.01
465,Sisimiut,GL,2022-02-02 05:47:48,66.9395,-53.6735,4.12,84,100,12.53
466,Tateyama,JP,2022-02-02 05:47:49,34.9833,139.8667,53.87,44,32,4.97
467,Termiz,UZ,2022-02-02 05:47:49,37.2242,67.2783,50.43,57,100,30.15
468,Nahariyya,IL,2022-02-02 05:47:49,33.0059,35.0941,54.99,68,0,5.01
469,Butterworth,MY,2022-02-02 05:47:50,5.3991,100.3638,91.44,73,20,8.01
470,San Cristobal,VE,2022-02-02 05:46:08,7.7669,-72.225,66.38,64,52,1.59
471,Ryotsu,JP,2022-02-02 05:47:50,38.0833,138.4333,39.16,70,88,15.17
472,Kununurra,AU,2022-02-02 05:47:51,-15.7667,128.7333,93.18,59,75,12.66
473,Pryozerne,UA,2022-02-02 05:47:51,45.2698,36.3303,43.39,85,100,9.73
474,Ladario,BR,2022-02-02 05:47:52,-19.0047,-57.6017,72.55,98,99,2.71
475,Kendari,ID,2022-02-02 05:47:52,-3.945,122.4989,85.57,67,98,5.37
476,Muyezerskiy,RU,2022-02-02 05:47:55,63.9333,31.65,9.64,96,96,5.61
477,Manavalakurichi,IN,2022-02-02 05:47:56,8.1333,77.3,86.09,50,4,8.55
478,Stege,DK,2022-02-02 05:47:56,54.987,12.2846,42.1,73,76,23.85
479,Lexington,US,2022-02-02 05:45:09,37.9887,-84.4777,49.89,42,0,1.01
480,Padang,ID,2022-02-02 05:46:48,-0.9492,100.3543,86.05,61,93,6.82
481,Viedma,AR,2022-02-02 05:47:57,-40.8135,-62.9967,67.66,66,91,14.5
482,La Palma,US,2022-02-02 05:47:58,33.8464,-118.0467,57.81,84,20,0.0
483,Bereda,ES,2022-02-02 05:47:58,43.2686,-7.5406,42.87,96,4,1.81
484,Kutum,SD,2022-02-02 05:47:59,14.2,24.6667,56.82,23,1,6.51
485,Comodoro Rivadavia,AR,2022-02-02 05:47:59,-45.8667,-67.5,60.66,67,0,10.36
486,Petropavlovsk-Kamchatskiy,RU,2022-02-02 05:44:32,53.0452,158.6483,30.79,93,100,17.9
487,Grandview,US,2022-02-02 05:48:00,38.8858,-94.533,29.88,88,100,7.0
488,Cockburn Town,TC,2022-02-02 05:47:31,21.4612,-71.1419,75.02,76,37,20.49
489,Stranda,NO,2022-02-02 05:48:01,62.3096,6.9358,36.36,95,100,4.85
490,Nueva Guinea,NI,2022-02-02 05:48:01,11.6876,-84.4562,65.5,96,2,3.65
491,Sur,OM,2022-02-02 05:48:02,22.5667,59.5289,78.28,46,9,2.51
492,Tabou,CI,2022-02-02 05:48:03,4.423,-7.3528,76.6,85,100,3.38
493,Jeremie,HT,2022-02-02 05:48:03,18.65,-74.1167,74.32,83,18,6.55
494,Sankt Johann Im Pongau,AT,2022-02-02 05:48:04,47.35,13.2,43.32,98,100,6.51
495,Baglung,NP,2022-02-02 05:48:04,28.2719,83.5898,58.68,52,5,6.13
496,Belmonte,BR,2022-02-02 05:48:05,-15.8631,-38.8828,77.5,84,5,5.53
497,Husavik,IS,2022-02-02 05:48:06,66.0449,-17.3389,12.11,81,77,9.28
498,Auki,SB,2022-02-02 05:48:06,-8.7676,160.7034,83.55,76,44,8.79
499,Iquitos,PE,2022-02-02 05:48:06,-3.7481,-73.2472,75.24,94,0,1.14
500,Buala,SB,2022-02-02 05:48:07,-8.145,159.5921,84.18,74,40,10.16
501,Akyab,MM,2022-02-02 05:48:07,20.15,92.9,75.87,55,13,7.11
502,Guarapari,BR,2022-02-02 05:48:08,-20.6667,-40.4975,73.89,95,100,8.93
503,San Jorge,AR,2022-02-02 05:48:08,-31.8962,-61.8598,75.13,59,85,7.96
504,Lasa,IT,2022-02-02 05:49:08,46.6166,10.7002,38.66,95,100,8.41
505,Pangai,TO,2022-02-02 05:49:09,-19.8,-174.35,81.09,68,9,10.83
506,Surt,LY,2022-02-02 05:49:09,31.2089,16.5887,53.47,66,23,23.87
507,Celestun,MX,2022-02-02 05:49:10,20.8667,-90.4,73.04,77,16,12.28
508,Hasaki,JP,2022-02-02 05:49:10,35.7333,140.8333,48.6,29,1,19.73
509,Xacmaz,AZ,2022-02-02 05:49:11,41.4635,48.806,40.26,76,53,2.51
510,Pitimbu,BR,2022-02-02 05:49:11,-7.4706,-34.8086,77.59,75,25,7.16
511,Aksarka,RU,2022-02-02 05:49:12,66.5606,67.7975,-18.49,100,94,6.17
512,Port Hardy,CA,2022-02-02 05:46:24,50.6996,-127.4199,38.75,93,75,4.61
513,Meiganga,CM,2022-02-02 05:49:12,6.5167,14.3,62.2,29,6,4.07
514,Rawson,AR,2022-02-02 05:49:13,-43.3002,-65.1023,71.82,35,54,14.65
515,Jalu,LY,2022-02-02 05:49:13,29.0331,21.5482,51.04,68,33,7.78
516,Abha,SA,2022-02-02 05:49:14,18.2164,42.5053,55.22,62,0,0.0
517,Denpasar,ID,2022-02-02 05:44:55,-8.65,115.2167,87.46,74,20,9.22
518,Marawi,PH,2022-02-02 05:49:15,7.9986,124.2928,75.65,61,98,8.39
519,Grand Gaube,MU,2022-02-02 05:49:15,-20.0064,57.6608,82.8,80,100,24.0
520,Neya,RU,2022-02-02 05:49:15,58.2972,43.8681,23.16,94,100,9.06
521,Progreso,MX,2022-02-02 05:49:16,21.2833,-89.6667,72.1,77,41,11.32
522,Camocim,BR,2022-02-02 05:49:17,-2.9022,-40.8411,75.52,90,92,9.37
523,Vanavara,RU,2022-02-02 05:49:17,60.34,102.2797,3.34,88,91,3.24
524,Bandipur,NP,2022-02-02 05:49:18,27.9333,84.4167,59.83,44,4,4.07
525,College,US,2022-02-02 05:49:18,64.8569,-147.8028,-0.74,73,1,0.0
526,Khash,IR,2022-02-02 05:49:19,28.2211,61.2158,54.91,41,2,7.49
527,Buchanan,LR,2022-02-02 05:49:19,5.8808,-10.0467,75.16,88,99,2.89
528,Sao Joao Da Barra,BR,2022-02-02 05:45:09,-21.6403,-41.0511,72.16,97,100,4.56
529,Akkermanovka,RU,2022-02-02 05:49:20,51.2467,58.2391,19.18,96,100,4.03
530,Ginir,ET,2022-02-02 05:49:20,7.1333,40.7,68.58,28,99,2.1
531,Tual,ID,2022-02-02 05:49:21,-5.6667,132.75,82.69,72,100,9.8
532,Zeya,RU,2022-02-02 05:49:21,53.75,127.2667,6.66,52,41,6.46
533,Buritis,BR,2022-02-02 05:47:41,-15.6178,-46.4233,70.12,91,100,1.01
534,Vanimo,PG,2022-02-02 05:49:22,-2.6741,141.3028,79.38,87,87,4.81
535,Kapit,MY,2022-02-02 05:49:23,2.0167,112.9333,93.49,46,83,2.24
536,Planaltina,BR,2022-02-02 05:49:23,-15.4528,-47.6142,70.09,95,93,1.86
537,Srednekolymsk,RU,2022-02-02 05:49:24,67.45,153.6833,-11.2,92,100,9.17
538,Domoni,KM,2022-02-02 05:49:24,-12.2569,44.5319,82.29,79,74,2.84
539,Luanda,AO,2022-02-02 05:49:25,-8.8368,13.2343,74.8,81,76,7.02
540,Champerico,GT,2022-02-02 05:49:25,14.3,-91.9167,80.35,74,4,5.48
541,Baripada,IN,2022-02-02 05:49:26,21.935,86.7214,79.7,27,3,5.06
542,Lufilufi,WS,2022-02-02 05:49:26,-13.8745,-171.5986,83.98,81,100,13.65
543,Puerto Narino,CO,2022-02-02 05:49:27,-3.7703,-70.3831,76.95,94,97,1.63
544,Richards Bay,ZA,2022-02-02 05:49:27,-28.783,32.0377,81.18,66,69,13.24
545,Flin Flon,CA,2022-02-02 05:45:08,54.7682,-101.865,-13.2,88,100,11.16
546,Oksfjord,NO,2022-02-02 05:49:28,70.2396,22.3479,18.52,81,88,12.37
547,Changde,CN,2022-02-02 05:49:28,29.0464,111.6783,42.44,59,100,7.47
548,San Policarpo,PH,2022-02-02 05:49:29,12.1791,125.5072,80.58,79,81,11.07
549,Daragutan,PH,2022-02-02 05:49:29,17.0,122.0333,81.81,57,54,6.69
550,Santa Isabel Do Rio Negro,BR,2022-02-02 05:49:30,-0.4139,-65.0192,73.13,98,74,2.21
551,Phuthaditjhaba,ZA,2022-02-02 05:49:30,-28.5242,28.8158,70.23,52,85,3.42
552,Lishui,CN,2022-02-02 05:46:23,28.4604,119.9103,40.19,95,100,3.22
553,Stabat,ID,2022-02-02 05:50:31,3.761,98.4513,88.0,48,96,4.43
554,Howard Springs,AU,2022-02-02 05:50:31,-12.497,131.047,83.98,88,70,14.32
